Iteration,ExecutionTime
1,6.065448522567749
2,8.341005325317383
3,11.451284408569336
4,15.267975330352783
5,17.412802934646606
